x1,x2,label
0.2048125051622925,1.1185053898402366,1.0
1.332251842909574,-0.09141925131725437,1.0
-0.32149664691224555,0.036926771706460845,0.0
1.2152014277197196,0.004262329734388444,1.0
-0.15127014905686068,-0.28445074191953484,0.0
-0.30303821243971046,0.27337485348890495,0.0
0.7986914869440718,0.2279757122258091,1.0
0.6442559502191443,1.2992088622978366,0.0
0.9107132770898944,1.0388179985796615,0.0
1.1838457869150407,-0.1336288171077988,1.0
0.048993314221744556,-0.10138863507422596,0.0
-0.3987471285142911,1.0748113139695143,1.0
0.139644662722718,1.07869707708435,1.0
-0.16073491359394618,1.3278233610888135,1.0
0.012894882962024049,0.6049066867292257,1.0
1.1042244856758676,0.1290431171900114,1.0
0.8153533507778191,0.7296630788767333,0.0
-0.11633618278972875,0.7970486538614266,1.0
0.04815063589771366,1.520336622836079,1.0
0.12283334000868505,0.15150154200946103,0.0
1.2075079888515798,0.8979967202290506,0.0
-0.17512365067695146,-0.2765599461928672,0.0
-0.1293145768485053,-0.216309600722879,0.0
0.4314616426531007,0.8788570153993323,1.0
0.009772014065140867,1.0081183382407766,1.0
0.009114367980762757,-0.13032006952116343,0.0
0.31720336322907045,-0.24756309976536983,0.0
1.2634230134679731,-0.02361370539821575,1.0
0.9834638628314601,-0.02434950167665671,1.0
0.3061501664687395,1.2437523703394633,1.0
1.016456797855085,1.2130960750130702,0.0
1.322455651597729,0.26298289071680947,1.0
-0.08800889733939676,0.02614811545721827,0.0
0.9659630754950144,-0.09064560986545504,1.0
1.1646341167923828,1.0146635934376809,0.0
0.015364378212051073,0.7434015551622861,1.0
-0.09001309429584874,0.12456998646949975,0.0
0.927806766836184,1.2318659606728497,0.0
1.1027200213139432,-0.10654016793238229,1.0
-0.34067648787103094,-0.011109539779323756,0.0
1.2442067391050706,0.11641954069372316,1.0
-0.037057531775541656,0.9740358600533148,1.0
0.2942340654987217,0.9581352645696268,1.0
0.9809408935226096,1.0558043051540678,0.0
1.0957959651492784,1.0667324210573896,0.0
-0.19810726502613768,-0.11325954592055439,0.0
-0.13028360072288966,0.9032228331891357,1.0
1.1421919936406983,1.088852662297208,0.0
0.26347881312686516,1.03951992093848,1.0
1.144334412808647,0.7741896457565541,0.0
0.29557880894830324,-0.10365404365472948,0.0
-0.015420341882820841,0.06823039496332878,0.0
1.118130966138462,1.2217407161165816,0.0
0.9820528611425546,1.2880234430898945,0.0
0.14945872102465238,0.12207405308669297,0.0
1.0087204892744908,0.3390102080861506,1.0
1.0807460180673218,-0.0048391212781832334,1.0
0.9626256711677282,0.912053788345165,0.0
1.0487601427542397,0.8871842738526543,0.0
1.0332904416426112,1.0984902528016298,0.0
-0.06432701024347652,1.415349596712168,1.0
-0.1287036460760286,1.1855680256162475,1.0
-0.28052105435993874,1.3499153486373878,1.0
0.12482396341043103,0.12566910185285599,0.0
-0.030357019007116667,0.1176634412969153,0.0
0.004902034851788543,0.09959965824908995,0.0
0.07331964921936966,-0.18797595726547106,0.0
0.07227912110168279,0.30760731329319385,0.0
0.04478282681293229,1.272828085994769,1.0
1.1238308522010396,0.41149909394233974,1.0
0.9646105545011902,0.8403405510923092,0.0
0.19925336388942802,0.9012486833677376,1.0
1.190627326782649,0.057424833040364845,1.0
1.1416428846513114,0.046643226252700336,1.0
-0.0685429033053539,-0.1604554538443238,0.0
1.3101000985628155,0.8003291918522418,0.0
-0.14306074185199366,0.13591954978693518,0.0
1.0512059468627752,1.1965381967891027,0.0
0.9785395711991542,0.08954338516205552,1.0
1.0252759159092824,0.38778579981165695,1.0
1.3693273992095332,0.7859830467347695,0.0
1.039616952153571,0.9711279176152116,0.0
0.22856456290300411,0.15038660653735483,0.0
-0.030011117406505347,1.0251152906943084,1.0
0.9665763839366291,1.0293427372866646,0.0
1.2171572649878695,0.01959663069417909,1.0
-0.2896168682994648,-0.28149275487531106,0.0
0.8750362844608642,1.0052182100421667,0.0
0.07232720500952683,-0.12902395092102487,0.0
0.21573616668625914,0.9922983060998586,1.0
0.6661189437757256,1.108672038475987,0.0
0.9725102970744617,0.19057490944058778,1.0
-0.21246074274522098,0.09471848612703632,0.0
-0.31131637973195025,0.9143769678068174,1.0
0.1476933159990821,0.0342736562379941,0.0
0.7996759980210169,0.943779941422809,0.0
1.0742291746742618,0.8792029626568358,0.0
0.6615070740570361,1.3059100638921228,0.0
0.038409823298006324,0.9381767071594997,1.0
0.2882546578132231,-0.2871724302358879,0.0
1.0056636752260921,1.0059512278991491,0.0
-0.02290796905052358,0.24756326239469237,0.0
1.0880028900106664,0.8995891551294778,0.0
1.2112113618132103,0.044647782825831935,1.0
1.259398909312222,-0.004573612459776425,1.0
0.6453935063586237,0.25238430014279833,1.0
-0.04180465145720506,0.8298959091581399,1.0
0.9859668577082706,0.6678078132968017,0.0
1.0143132474438785,0.9044685106469766,0.0
-0.1399451015985171,0.04279598214684441,0.0
-0.28436213334836874,1.3002667303910973,1.0
1.0192241553881967,0.9075449422589915,0.0
0.2371408309325994,1.1437906621330134,1.0
0.0887638856292457,0.15492681068586736,0.0
1.528868669403407,-0.3005940656790307,1.0
0.9679734408866719,0.13426801529009313,1.0
0.20451408640192806,1.4879504812678546,1.0
-0.2391766124070369,1.0889205336440282,1.0
0.631825153733671,0.7440846066528597,0.0
1.0676992814988828,0.9169424172198397,0.0
0.8882156305456823,1.075442375012904,0.0
0.29312975378431083,-0.04515526009730714,0.0
0.06617604644289142,1.166705792321785,1.0
0.22975314007442071,0.65205724424438,1.0
0.8724520031497368,0.8938006089996364,0.0
0.16450898242063783,-0.24416872999420447,0.0
0.6769736368188981,0.2329478708914343,1.0
0.21717911316631563,1.0949396465759906,1.0
1.0256208829821578,0.8637896685050238,0.0
-0.050513630278632066,-0.2495566363929699,0.0
1.1001834375248762,0.8044889510402897,0.0
1.1556722152333276,-0.11023714326570669,1.0
-0.041624450071455044,-0.09860018693176657,0.0
0.18991082708826476,0.7030204063100193,1.0
0.8545725648350263,0.9504962728896991,0.0
0.8895553911438058,1.1265863635511022,0.0
-0.3837542430598083,-0.005302775089843376,0.0
1.1167856370651927,0.9281415818425881,0.0
1.0379163233197486,0.20020921851342824,1.0
-0.007165207821990308,0.3129287311628013,0.0
0.787521294370624,0.08566141944152972,1.0
0.30569368528250634,1.1015671512579248,1.0
0.0645437120676179,-0.1654461887104646,0.0
1.1681287097977449,0.8694752041395218,0.0
1.1848054038413802,0.9630195727114021,0.0
0.19080035269864049,0.1302782502611596,0.0
0.0919944285878233,0.8644569260495788,1.0
-0.021406071990911567,-0.20704846448387482,0.0
1.063834902083836,0.2680900892046289,1.0
0.41767494095614555,0.9720820743689652,1.0
-0.1323572929536776,0.1704866669592448,0.0
1.4148165339499947,-0.1838769183172847,1.0
1.2764317982075055,1.1297419775179285,0.0
-0.1853860943156166,-0.011905071212360016,0.0
-0.13600494431569818,0.04645073943220071,0.0
0.4121495849763974,0.3510681684886409,0.0
1.0218789589209787,1.1451533247797383,0.0
-0.31888553175887346,-0.11987500459075458,0.0
0.09880603725654777,1.0521347531647813,1.0
1.3769172611869218,0.3086487056544378,1.0
0.8696327784395681,1.0094797342632829,0.0
0.32899354270025677,-0.049807207911275665,0.0
0.09464752491470897,-0.014565782531374555,0.0
-0.09354024026237828,1.069300776346143,1.0
0.32668630646021923,0.7707309213962624,1.0
0.9361892128666763,-0.1592051713606978,1.0
1.141890363427808,-0.08709727411396867,1.0
0.5923750929644291,0.7983827378165191,0.0
1.126944293712354,0.22193996839124464,1.0
0.1582063894086094,-0.18187749095894779,0.0
-0.06406946163886404,1.0848331892803833,1.0
-0.01440202431606677,0.20070657957840485,0.0
1.0578337287815636,1.4910600279821788,0.0
0.8691848633745152,-0.3661265793712914,1.0
-0.0970727095658207,0.016374827877264513,0.0
1.0646335428369562,-0.029520517259733738,1.0
0.7280287718040162,1.1492507132054441,0.0
1.0859236438265172,1.0415375374326223,0.0
0.7837873344800206,1.1231871213888527,0.0
0.9967154207854496,1.2376786546896168,0.0
0.8964777401927657,1.0447575903277797,0.0
1.2252100501544336,-0.010278744717697248,1.0
1.042639325647538,-0.15039386634776383,1.0
0.07771572090619283,1.498599903486558,1.0
0.6744915124233675,1.0096169893322764,0.0
-0.15850414768654014,-0.022947288293379803,0.0
-0.25893629514418115,1.2321653574757039,1.0
1.0036836758379104,1.3352874624550566,0.0
-0.21417849961222246,0.09649448304863706,0.0
0.11948001396997161,1.1402345484621796,1.0
-0.0015945282633234746,0.29598882777800517,0.0
1.0140104326226362,0.2323756605216381,1.0
0.8848724347524453,1.0244019629290724,0.0
1.0734574626802682,0.3676367353590245,1.0
0.8717036809554095,0.08638450893478813,1.0
-0.12511254030190588,1.0791607066874818,1.0
0.8001395535410178,-0.10095498424564349,1.0
0.7311098977931445,0.8162696107031604,0.0
-0.19827846989126144,0.569321977279257,1.0
0.9159626365808285,0.9436430782278986,0.0
0.4244312394025267,0.2064930521102294,0.0
1.1300402355917323,0.9801648272441235,0.0
-0.2012034762999404,-0.24283772255754643,0.0
0.9742924977122138,-0.37636980909952783,1.0
1.128544551973509,1.2658305060264863,0.0
1.3465029998970184,0.4462600292385265,1.0
1.0597505816731372,-0.15035821001903688,1.0
1.2390093257849686,0.695362619043245,0.0
0.05619837354700653,-0.12453990396411876,0.0
0.5728651572042609,0.6275497067319988,1.0
0.06218151311960092,0.2950712433899104,0.0
0.6258416157948288,0.9296973031917383,0.0
1.0391690510195364,0.8043254444769936,0.0
-0.0334243427572823,1.05651599009766,1.0
0.1141781021386334,0.2271131280361198,0.0
0.019415509869608077,0.19372899810657784,0.0
0.8846457338863334,1.1510782451651513,0.0
-0.41348842000797537,-0.01782400790255768,0.0
0.07984462452105585,1.129439187940548,1.0
0.984071721750857,0.09047435924994679,1.0
1.2374772103129503,0.5179127284037228,1.0
0.856635535879439,-0.37330732341461204,1.0
-0.49988114297471464,1.4581885145181483,1.0
0.8048253494045334,1.2107283593215679,0.0
0.13257625373348256,1.234694771497065,1.0
-0.042688574186041606,1.2981452273699905,1.0
0.9522135801660612,-0.07336488236293752,1.0
0.8857642020434406,1.1145165562712318,0.0
1.066396066113803,0.038099935955813284,1.0
0.7855721976028787,-0.5842700966989215,1.0
0.10730196871408071,0.8203064036417925,1.0
0.2610957614308658,0.00420076832655181,0.0
1.0173179574945799,0.9688645529215841,0.0
0.8698714861756346,0.9025749232470608,0.0
1.0754200787804373,-0.0058525627369956715,1.0
0.9673866072112473,-0.14898052896128983,1.0
-0.12112310794737283,1.3652019427093873,1.0
0.9522103906267181,0.8184872675916804,0.0
1.1139534560464408,1.089541712003463,0.0
0.16257242376779202,0.12592576838472244,0.0
0.19277582335898194,1.4421046003182703,1.0
0.9111413479847776,1.0754600986089704,0.0
0.951934920368373,0.9250358384900805,0.0
0.007600695633640058,1.0240062653436524,1.0
1.2893955768707466,1.039310955302315,0.0
0.8279173269432095,0.9230888911540349,0.0
0.10872003091888648,0.9258771335827788,1.0
1.3330948888925154,1.2028740130036262,0.0
-0.1796829342696716,0.09838383430130115,0.0
0.03211479620997292,1.0006092040306829,1.0
0.12255478101251394,0.7893168873652687,1.0
1.3764048992950069,1.2690840092309956,0.0
0.3455086340201423,1.0872647339348065,1.0
0.1189508683330572,1.1706831117560617,1.0
0.8454244664352781,0.08141045742490703,1.0
0.8746065884424465,1.3624897115993857,0.0
0.7991718466495864,0.8464404869791743,0.0
1.0281772493822408,-0.35368787311257033,1.0
-0.30682283414712447,0.2555353643797018,0.0
-0.15697966261644802,1.1296560867687717,1.0
-0.022245212269740064,0.8192184717070421,1.0
-0.06305384892806913,0.15179384409865349,0.0
0.7184976610564358,0.8444366624818249,0.0
0.07638709044631067,1.086008329438214,1.0
-0.26563720977968613,0.039372247173824704,0.0
1.139277489491343,0.19106104171410215,1.0
1.1658811162366978,0.5577729381984229,0.0
0.8875663946843395,-0.04184437474890556,1.0
-0.005460907901986372,0.8133464081853607,1.0
0.9490045565158289,1.3007985977165377,0.0
0.9639040172818749,0.6386215135689722,1.0
-0.13763006903554476,1.4504871610688617,1.0
0.9930630225226438,1.0468429465073041,0.0
0.46980603832139756,1.2183013703844923,0.0
0.06646280239591833,-0.14969730731131073,0.0
0.0346361851702364,0.07706347594576736,0.0
-0.05180842916414063,0.9607300301830044,1.0
0.045491986920825886,0.26142855085648564,0.0
1.3224441256510848,0.17936786317310638,1.0
1.1477620961775006,0.12307349680261069,1.0
0.3257231091142584,-0.2760202916429783,0.0
0.19960202197193044,0.4207489243612621,1.0
1.1243619924434394,0.6859550560219088,0.0
0.32840303202727383,1.2019634178685268,1.0
-0.09268353856249245,-0.09314595071405138,0.0
0.8515058828603903,-0.2640045022441412,1.0
0.9108994957198456,1.2906768954235401,0.0
0.2656388283698116,1.111246001880132,1.0
0.28055886218721987,-0.2803702125584562,0.0
-0.11284951973147772,1.0369102606394074,1.0
0.6886741652952193,1.121201990269128,0.0
0.24553379849465845,0.7580717962617589,1.0
1.1950395259564859,0.10021883398796905,1.0
-0.1678435046445277,-0.06184247517024292,0.0
-0.305131262914019,1.2525168206854365,1.0
1.0036867866130785,1.0695163410723343,0.0
0.9460250129413258,0.8042472568435385,0.0
0.8902550184518077,0.018568980228222943,1.0
0.9663712362830421,-0.09441811553942547,1.0
-0.20938219653638793,1.1073305505054571,1.0
0.9547031802300336,-0.19188784734469597,1.0
0.8795575879276438,0.09375485121500476,1.0
1.141550387091095,0.8875066448211465,0.0
-0.03813648015266932,1.0434865746359445,1.0
0.2603482578797596,1.3123022393453705,1.0
0.9021121114963555,1.2088321754138145,0.0
-0.2640466414041284,0.36629175317087076,0.0
0.9127228218946862,-0.02192196078516617,1.0
0.9216483701912356,-0.18448203689970052,1.0
1.0646158546232058,-0.050470700425257524,1.0
0.6858247695863001,-0.22535349378196107,1.0
1.2434317041650993,0.3042632103844903,1.0
0.9052321305858168,-0.002890454175655821,1.0
0.8188535398274762,-0.13075326772976398,1.0
0.012046041988205289,0.49264842249705726,0.0
0.00563623147382565,0.9981762006711593,1.0
0.042818748826040795,-0.24914775574239761,0.0
0.013960416998003784,-0.07706271937235204,0.0
1.1186202515936767,0.938090712137202,0.0
1.0041587415350817,-0.1456005882458269,1.0
1.0760395702011927,1.1221171490567645,0.0
1.0701260198547118,0.09783742602953271,1.0
-0.0943863731578867,0.21779011939347323,0.0
0.24008278158888507,0.8686211442057208,1.0
0.21826202411885381,1.1218276241814353,1.0
0.7103972199167512,0.5602388086759835,0.0
0.8129122595910809,0.21719642323500646,1.0
1.3095010402660123,1.3591755346191043,0.0
0.01572703806321812,0.6003598630935785,1.0
0.9961160788224535,-0.06063595656685509,1.0
0.04839245431320682,-0.3826560489315596,0.0
1.5146719606499721,1.0118436868028977,0.0
0.40267744950532464,1.0273070662165475,1.0
1.10925684960074,0.0012844539621875634,1.0
0.1295377076201385,0.3046059712816051,0.0
-0.16579900218441446,-0.11203620803939392,0.0
-0.169358743613681,-0.3029694449371729,0.0
0.07140309719300947,-0.13858191905213085,0.0
0.002600378375581404,0.2907068154314634,0.0
0.1836633212004626,0.6858998792753646,1.0
-0.23826069944052974,0.13131072172676594,0.0
-0.2135240858765189,-0.0284758970042587,0.0
-0.19649747870766193,0.9550733700005951,1.0
0.7420078200517892,0.7409842455872768,0.0
0.6157761616910475,0.22391498228691536,0.0
0.8712900335365076,0.20599216351623226,1.0
1.2492170384995258,0.58532195351837,0.0
0.10456709760709992,0.8852599992122842,1.0
0.8583186466179075,-0.30274287852256543,1.0
1.0135711021054807,0.1705547350244439,1.0
0.951752788428734,1.0704110793028594,0.0
1.0341730876255883,0.9632033327294641,0.0
1.2608680485756305,-0.3324983976071349,1.0
0.011329984979421434,1.1059385508713462,1.0
0.12774604440583692,0.7713990174539033,1.0
1.2201919269997141,0.3916694908441188,1.0
0.8335288853791543,1.0942831112772808,0.0
1.2012585618428882,0.8846216260953702,0.0
1.0471229116217131,1.1541730387773934,0.0
0.9507875023740103,-0.16864931906323835,1.0
0.058614494659736255,-0.14287028360527357,0.0
-0.16169872057863754,-0.10035140871690731,0.0
0.08738763394926997,1.2381292549572682,1.0
-0.3038739931908027,-0.09684681457325028,0.0
-0.3385913628390771,0.98033207464105,1.0
0.020840220790375216,0.9874813744200955,1.0
0.9416377462168912,-0.31263816173933145,1.0
0.13046457568268394,0.68472156860315,1.0
-0.04973822523670942,1.3214691152039986,1.0
0.8530816846403901,-0.1620504874028762,1.0
-0.4247791448619614,-0.10515100433615221,0.0
0.7818067139569603,-0.08216285759091696,1.0
0.046757182358149546,0.6888208707592745,1.0
0.345392770246681,0.9200727628770795,1.0
0.33678553829157376,0.908223147426212,1.0
0.05009857006917531,0.06928964189939514,0.0
-0.18786707876375086,0.9711824888556769,1.0
0.11737141876005407,0.4380911251619957,0.0
0.9890211998767428,0.05711081497153139,1.0
0.7957534365738573,1.1416712894598706,0.0
-0.12027352879024274,1.0639563868285074,1.0
1.4891503959233652,1.0258442363950455,0.0
1.1871356786294922,1.2543110189988318,0.0
0.8674752482108307,1.114119733718632,0.0
0.16270344347393395,-0.24617286328679105,0.0
-0.19792562731406751,1.1881542375976433,1.0
0.05197655884968471,0.15636457435546208,0.0
0.4593535414001525,0.13557506390618154,1.0
1.1852355095063283,1.3818833280940261,0.0
0.624965506070851,0.023005215829483436,1.0
-0.1471059885179533,1.2472186350420875,1.0
-0.25217679086700906,0.18357238941095522,0.0
0.015160911638745268,-0.13543234230242235,0.0
0.771662177173299,-0.038731891855943626,1.0
0.09934283060224654,-0.027652860234236933,0.0
0.6990559251937996,0.15201119273792052,1.0
1.1363782979252623,1.3693414651472067,0.0
0.8776461818189429,-0.007407359409682405,1.0
0.12270359454608333,0.7954414869603189,1.0
0.006400829813153325,0.8493164259307633,1.0
0.06835119515543189,0.37523416784317726,0.0
1.4341885434995627,-0.03517716248646732,1.0
1.2298546652571352,0.8593647149748225,0.0
-0.1949363340454643,0.15741692074849042,0.0
1.126556373221257,1.4541385715608792,0.0
-0.2830741484100829,-0.08412906455307181,0.0
-0.053881366888911555,0.14350845115919247,0.0
-0.16794436843615523,-0.11987852908880443,0.0
1.1121838895882477,-0.059096063605832076,1.0
0.9505645234958806,0.8636031504004402,0.0
-0.014099755611818244,1.0973003287652403,1.0
0.8929343628092155,-0.018106656460832156,1.0
0.963420711779032,0.274975283829637,1.0
0.9610183439294638,0.2267540193734129,1.0
-0.004180318792829626,0.0234654766617564,0.0
0.9022301156427451,-0.22392348665780226,1.0
-0.07842163062643154,-0.2927029896264237,0.0
0.1832655349404963,1.0692976951795985,1.0
0.2579505508165491,1.1346362702539916,1.0
-0.07299054590857706,0.8321580665321987,1.0
0.9547042216196946,0.07347310136323562,1.0
-0.06453596776842715,0.9498333967089905,1.0
-0.20256622406688476,0.06284946651905478,0.0
0.7968356362043206,0.01233596996959433,1.0
0.3189010126449945,0.8306077303363344,1.0
0.870807164175093,-0.15983840133005073,1.0
-0.22126699480120565,-0.23924132481613417,0.0
0.0010487399436366332,0.009396118752948412,0.0
0.8753718947150471,0.888904576167949,0.0
1.0653854747528326,0.9561798942382271,0.0
0.1076592158099266,1.2145014674619605,1.0
-0.017656409670250964,1.5159418675308638,1.0
1.0164879505869007,-0.2915102998929861,1.0
1.035288311055445,-0.07340556781666446,1.0
1.0962018463473426,1.0447768048558264,0.0
0.12907518991702951,0.27372631150646975,0.0
0.9802823735431476,0.0037699245889695325,1.0
-0.12034132244587939,0.37045563690178757,0.0
1.1532160556769382,0.24538664477686153,1.0
0.036204311740741395,0.7406336104088307,1.0
1.0373533528954157,0.8489234135293355,0.0
-0.14041061877547048,-0.06553242931955365,0.0
1.098663580176178,1.0369672247389747,0.0
1.5120169076537588,0.98078802005507,0.0
0.019535219709766346,-0.1546019567710933,0.0
0.14232297561777796,-0.22492841836757385,0.0
1.1317088545345662,1.4020409077532698,0.0
0.8965423099799256,1.281869488037116,0.0
-0.027691196796754764,0.7551403527421269,1.0
-0.2340226052118719,0.6396039124839961,1.0
1.0685450692755407,1.0913506438307568,0.0
0.4379605866435345,-0.1616596570710303,0.0
0.7819201845114307,0.282186475949254,1.0
1.1308731312708116,0.988883065817909,0.0
0.8020790359482838,0.9748426159800704,0.0
1.0246409613568972,0.11029707520809351,1.0
0.9105356208682498,0.2562032723470226,1.0
0.1416217353377181,1.1913404633589169,1.0
0.9919684098711313,0.7138449795763904,0.0
0.1153113926111533,0.062250030908707225,0.0
1.1968644796953167,0.9572022311548982,0.0
-0.5239490208179489,0.16438050087504477,0.0
-0.23751968380590258,1.0619641420454056,1.0
1.199662179629592,-0.08632406254360969,1.0
0.15433974212966894,0.43029147587398486,1.0
0.8950959467440452,1.0978749122455835,0.0
-0.0037026271984779862,-0.057731727784027666,0.0
0.9930023019006077,1.354160127127102,0.0
0.9553068035256296,-0.0698633592236395,1.0
-0.0497928296958147,0.1943141901908711,0.0
0.9683984202842021,0.914623786010516,0.0
-0.0490776232005741,-0.15074723287149794,0.0
0.016365871709513004,0.9802220693617715,1.0
-0.27553387359141823,-0.18756500798302456,0.0
-0.02680343333458354,1.0029376389458393,1.0
0.19502394668355025,-0.02941147630042773,0.0
1.0048438913345517,0.28244411108308587,1.0
-0.10572333634995137,1.1172728037510187,1.0
-0.13469812484877372,1.0557988324447605,1.0
0.8344819558702561,0.01722877660927495,1.0
1.2985377137919043,-0.05422472020851376,1.0
1.0176813772583695,0.2955060162110524,1.0
-0.2074492308652913,-0.03806773561672164,0.0
1.1473687794184866,-0.05626551142364268,1.0
-0.16509943935850233,-0.0642771683305987,0.0
0.7975791249479665,0.669028665626846,0.0
-0.15079291777333526,0.9438649846266451,1.0
0.8815212151522261,0.8272018460640368,0.0
0.895455395896192,1.209801845167378,0.0
-0.15665065846724743,-0.06441230324113512,0.0
0.8920480639381276,0.8443390549195374,0.0
0.9024787551855012,0.9134883624360758,0.0
1.1159266346427152,0.06515926331643329,1.0
1.1827169252466498,-0.160635790136069,1.0
0.10386930284823447,0.3065477826005156,0.0
0.04493694515037719,1.186518166374618,1.0
0.8774422619031228,0.9224596880128032,0.0
-0.11530208014534389,0.481791541571018,1.0
0.6041400379248425,0.14958205122350676,1.0
0.9508513871828111,0.9454552860504659,0.0
0.3158425631014783,0.15348694583058176,0.0
0.6832194353028553,1.1520829312288594,0.0
-0.044250724717154404,0.9446373400222159,1.0
-0.09212775419195751,0.21142444524378315,0.0
0.7496921151619111,1.288752920814652,0.0
1.039304233940294,1.1418007515177024,0.0
0.23162217470001356,0.15833253879258719,0.0
0.17446412734413563,0.03666840114767035,0.0
1.2133349379178309,1.2338591180891345,0.0
0.01835215530710046,-0.3975137829201786,0.0
1.240242784432789,0.9183849253956897,0.0
1.0788904284756593,0.9158031038359474,0.0
1.0816505511428944,0.6594832791524319,0.0
0.011402624979416902,1.0537184557726513,1.0
1.1671384224130283,0.7740586290684763,0.0
0.9908827967289005,1.0486678898645383,0.0
0.20991054306386703,0.8929529576878864,1.0
1.30067966035343,1.1754724581151343,0.0
0.1372520380749027,-0.32254317423793033,0.0
-0.11787295138884231,0.16992041940420494,0.0
1.2058311274651288,1.0945194964826086,0.0
0.07681308978786146,-0.006538949618818623,0.0
1.0932859964867052,-0.007128296459496714,1.0
0.992088969228669,1.136300139474525,0.0
0.164412031998898,0.3793585965307895,0.0
-0.6482534680138146,-0.20487752826685798,0.0
1.026593934829375,0.8599758370121653,0.0
1.2511512251147041,0.8210785395560992,0.0
0.145525908727396,1.01038917716146,1.0
-0.1571978921015899,0.7337534092884443,1.0
0.9625711469990903,0.1971459991359726,1.0
-0.2957823137548258,1.0366719839558312,1.0
-0.15456504290751438,-0.04736372134800178,0.0
0.9947188486082146,0.05603223176392136,1.0
1.1742249406863385,0.9347952935664318,0.0
-0.17677148724022662,0.030745021189105583,0.0
1.0540913651559678,0.9899523781101726,0.0
-0.003927559785336244,1.1104979908834296,1.0
-0.0345892119846846,1.3423416960284686,1.0
1.2214161338573946,-0.02407623279071965,1.0
-0.15182653231073961,0.030078757295241527,0.0
0.1030095372612096,0.7705462981309443,0.0
-0.04393437756750239,0.07142251430234929,0.0
1.011144982457739,1.2188383036941897,0.0
1.1277184917554748,0.6676959875462081,0.0
0.17401354613775086,1.0991363775945209,1.0
0.30842199051357516,1.4012185776318247,1.0
-0.038472192956224505,0.0603094684667225,0.0
0.012856003819092555,-0.21554895558586123,0.0
0.46062267141168567,0.9891410266964376,0.0
0.23171911580148083,-0.1641364636703421,0.0
0.12513346955300125,-0.1714315112832565,0.0
-0.14607332634342735,0.043291717916394974,0.0
-0.14368145311383948,1.1789848753888883,1.0
0.9255586447857894,0.21774972394083722,1.0
1.022845529732408,1.0300603522923755,0.0
1.0444267543267425,0.9042502756673045,0.0
0.9462222618890339,0.778694818251666,0.0
0.25338222983732456,-0.14153389312375617,0.0
1.3595373053699045,1.128168572253402,0.0
-0.01432025188281279,0.9925555526980316,1.0
0.11001041980491039,0.8063311090272729,1.0
1.1938914401053473,0.08543887237433698,1.0
1.0519445003442964,0.8191366749791182,0.0
1.0577387258559714,0.05206436775424415,1.0
1.024534063198959,0.3249356916939121,1.0
0.7854513948520387,0.04784937282222991,1.0
1.0652266044484235,0.7497772847229394,0.0
0.10941947623400759,-0.04043853048677881,0.0
-0.12268053270818796,0.9395060627023744,1.0
1.1276102202881515,0.1001688949888914,1.0
1.0538253882490214,-0.0686384550994821,1.0
0.08258629085512487,-0.11274491056079494,0.0
1.3026899486484262,0.12616233691095552,1.0
1.0097043255889655,0.8338099767177924,0.0
0.8363602233155385,-0.0006748914821904104,1.0
-0.0048709184521965685,1.4284540717223728,1.0
0.14652801544311586,0.9838566839782835,1.0
0.9731382517058904,0.16216165463195642,1.0
-0.024189629721556315,1.0839064887814056,1.0
0.9791101562925058,-0.033764344638002125,1.0
0.8244034826486878,-0.165376070807972,1.0
-0.17790288592510467,-0.16316205699308767,0.0
0.7612149987201889,0.028588618952741354,1.0
0.29022872155900836,0.19185416521704138,0.0
0.017409413647634247,-0.05980147009317349,0.0
0.8725225745386964,1.2378033062215104,0.0
0.9558071652340672,1.005377167798906,0.0
0.8591312618914482,0.718307740727288,0.0
0.9835697643214862,1.2234591663176255,0.0
-0.3449835665026066,-0.11245750584819454,0.0
-0.10924888965049656,1.0783608010805092,1.0
0.8928073109771903,0.16161155965622903,1.0
0.3345144773675407,1.083803801873209,1.0
0.01547366152952366,-0.17225684026565274,0.0
1.0616101079008204,-0.07832971348435823,1.0
0.337428327014513,0.1763279513898901,0.0
0.5056710999745422,0.8406209489059047,0.0
1.3802381371506014,-0.012132162762924156,1.0
0.3530908480562194,0.08099634219219111,0.0
0.23931430033289827,0.968294085394606,1.0
0.9550288036383843,-0.13000051616469196,1.0
0.026708180956456464,0.9695060327238912,1.0
0.7187365072656332,-0.016621114525738955,1.0
0.8419051089109376,1.0942936714271991,0.0
0.041772719000951086,-0.3919340247759551,0.0
0.5274135128916323,-0.2019461409419875,1.0
0.025044900529581457,0.9141188917749494,1.0
0.89101618263821,1.0798272228704142,0.0
0.03981193911469401,-0.12004337543175894,0.0
0.9934493459568003,0.891315045773247,0.0
-0.2184625529345158,0.9367183100610397,1.0
-0.28367314658660636,0.6478382376038447,1.0
0.040219809342993504,1.2101308792015224,1.0
1.1929703266194915,0.32311656470964634,1.0
0.19635309739831885,0.9350337232982755,1.0
1.1059608355830566,1.28831372413158,0.0
-0.2779144933527192,0.6709202506086216,1.0
-0.0030619698345991115,1.1158582999202178,1.0
0.8192596278539743,0.0648718563443206,1.0
0.001022691328492178,-0.046917426675029385,0.0
0.8574308434645671,1.0212860455383794,0.0
-0.1338145477319833,1.2079809374792152,1.0
0.01939919299854364,0.11903140508738273,0.0
0.11379661583705508,1.3256793246257077,1.0
0.914139555096548,-0.1384841959747712,1.0
0.9992794921818863,0.7683270621614915,0.0
0.7892635161707292,-0.21356058431583863,1.0
0.04489036371199441,1.209419660522431,1.0
-0.04469255706517018,0.1428000988184184,0.0
-0.0966372924598748,1.3147973526580066,1.0
1.0873119608315336,0.18078696821723905,1.0
-0.26089390010097063,0.1339345097660077,0.0
1.173921184021132,1.2711275717609902,0.0
-0.1977182214301835,0.7792821365568459,1.0
1.096946563458895,-0.1692713309981747,1.0
1.1586977441104427,-0.3497063946476362,1.0
-0.31859874670633387,1.0880949475920798,1.0
-0.21925501737904038,0.711989823481141,1.0
0.8754701276531096,0.03892149104744855,1.0
1.3279929058742785,0.14842549821437845,1.0
1.0382198136039806,1.0092873096312298,0.0
0.8003229121623416,0.0603583799638932,1.0
1.2335564123319616,1.0508841686602426,0.0
0.10099745579609143,0.1731510388340243,0.0
1.1311801553059522,0.03894723894375497,1.0
-0.120127737983761,-0.05833874995865536,0.0
0.7754555956875403,1.07648194923681,0.0
0.7540900811095166,0.09933984464730435,1.0
0.3046248154539315,0.10778200873693174,0.0
1.1393908809021471,-0.066763897951202,1.0
1.0615603537784117,0.6579663214686748,0.0
0.021075101229191984,0.7331949010163591,1.0
-0.09389487718699042,0.10851200871719294,0.0
-0.32128926405151453,0.040692727173444625,0.0
0.09117755441632153,1.4330004689802167,1.0
0.13639059425899278,-0.06205335131869121,0.0
0.48068311704765504,0.9884762405932829,1.0
0.23789409778492812,0.7544784369726015,1.0
1.0401138394461886,0.22972746988574305,1.0
-0.23665170253315504,-0.40784643555202016,0.0
1.1450191573695994,0.10323565742299168,1.0
0.8707545380312394,0.3550621785219024,1.0
0.5151519479454116,0.17680907927220996,1.0
1.1571600317301665,1.0850915123569929,0.0
0.9482407874665795,0.3197294341009434,1.0
-0.18388484684676065,0.3099868810035079,0.0
0.9272775575572288,0.9886108752557865,0.0
0.41124142598806446,0.7793583268556634,1.0
1.2147263499719545,0.7946969401177879,0.0
0.9867840402705367,0.7577967600475086,0.0
0.7778848309068342,1.3504540886847245,0.0
1.1513977233290704,0.8155669351644749,0.0
0.4150521745250531,0.8621624363820865,1.0
1.1667844309097808,1.0918360158456872,0.0
0.06872365791369228,-0.3526080310725468,0.0
0.064816793878959,-0.07701645608326331,0.0
0.6397884531694522,-0.10853475994680435,1.0
0.7303629155788574,1.148652818804543,0.0
-0.3426269058181755,0.2707744748330826,0.0
0.8066047713741574,0.990457728771604,0.0
-0.05293136664759122,0.5440338333179238,0.0
-0.05951270067199839,1.2751413626623238,1.0
-0.005110814198289056,1.2345458038518728,1.0
0.9823274081589329,-0.07400220597642554,1.0
1.0675205324150405,0.9176246067755065,0.0
1.3230751378938883,-0.06446409384226798,1.0
0.42660667493125337,-0.3904175599045004,0.0
0.17209469767194907,0.8833845122862123,1.0
1.057173078144981,1.066891357997405,0.0
-0.05898993565840556,1.2495484145347469,1.0
-0.22067332123477473,0.5694218814095033,1.0
0.6837618595935733,0.1790076628152231,1.0
1.111958089586208,1.2161561451109244,0.0
0.9034512955635935,-0.19066572165174248,1.0
0.024459500606456755,1.1086596058072775,1.0
-0.051475307484669025,0.6662831852244822,1.0
1.0819637313857025,-0.04825153092370849,1.0
1.1345147402405462,0.3799763869790431,1.0
-0.09498906223219124,-0.1306658465147424,0.0
0.3731549022289513,0.0947665841823575,0.0
0.9737486065815391,0.015370376591753644,1.0
0.9933540018711079,-0.041623371454507944,1.0
-0.012535819454634375,0.19102846410024765,0.0
-0.16706941065195147,1.4290298255546776,1.0
0.7712547585358677,0.02171194115530463,1.0
0.9095387361501847,0.5152241346742086,0.0
0.19008476763721005,-0.11538073113248062,0.0
-0.11149835700156673,0.7260394040841844,1.0
-0.36724107462065936,1.1015982653825087,1.0
1.1906250090752173,0.1026170840194586,1.0
-0.1929846921160209,0.13721029199968787,0.0
0.9962582487108205,-0.07770369061777717,1.0
1.2001164636085957,-0.13412404181532897,1.0
0.17903864400554648,1.127034360336394,1.0
-0.10277338346733872,-0.21184270437779032,0.0
0.8852675986239528,0.8906282117519215,0.0
1.25314156817294,-0.1732349696429002,1.0
1.049876736742151,1.3154906559526949,0.0
1.055993725263964,0.7749021905403247,0.0
-0.12985550901320142,0.7552119466475486,1.0
-0.10605152367448817,-0.15857456645246884,0.0
-0.0012141823079786648,1.1676981548903285,1.0
1.278493060012866,-0.050009302919790555,1.0
1.1035318040938247,0.8548512373693069,0.0
-0.12475379213916103,1.3828062707733573,1.0
0.09819499032765028,1.1469755572099636,1.0
1.022654082107553,-0.2876555956634734,1.0
0.9033877896633121,0.029358602397109874,1.0
0.24261953999583669,1.0283433827279809,1.0
-0.24515313260046825,0.707125023958036,1.0
0.05151007814455288,-0.014889183153233444,0.0
0.16250516447883961,0.2712480057141646,0.0
-0.2419389485682215,1.1199857459992408,1.0
0.27987108731720045,1.1849267365825538,1.0
0.23932629732913024,0.8780434191361235,1.0
1.0355402001866507,0.7329311282579798,0.0
0.3264822607863271,-0.28602827559212657,0.0
0.5654660907971927,0.16948433543008434,1.0
1.1900615183947152,0.34212267451638506,1.0
0.33398090087028126,1.0789343059645962,1.0
0.7999337350788851,-0.13554899410497032,1.0
-0.2694252579059393,0.8056771922978697,1.0
0.023916073682830653,0.8053862118236889,1.0
0.1484190744018614,1.0598585160812983,1.0
1.0336921952539229,0.26351950712159194,1.0
0.9734732507234853,-0.19490586093412832,1.0
-0.1403983375613511,0.8674198164898104,1.0
0.10300705344173196,0.10275719018244177,0.0
1.3131048058468682,0.9868499477854025,0.0
-0.27438022858627126,0.6772877204246517,1.0
-0.04353624064544406,0.21975537039743803,0.0
-0.40502851733152145,0.03729086295388553,0.0
-0.11072986106943641,-0.2395755785177697,0.0
0.994695748150188,-0.17637493024554357,1.0
0.8101202222336114,1.5264764129674782,0.0
-0.17749843556042003,0.9125083399353179,1.0
1.0534100531738517,1.1779261591246875,0.0
-0.1644440791132863,0.04873744229838246,0.0
-0.06973042688157184,0.9301484591363143,1.0
0.7641920417680395,0.23753587769231277,1.0
-0.02175202969137152,0.0803423444197883,0.0
-0.0026994449475867843,-0.2115421857911801,0.0
0.008762294395821919,0.9705995996743023,1.0
0.9069379086439893,-0.021189670860827133,1.0
1.126481547811104,1.194510889925346,0.0
-0.2733757396830842,0.9550469196214633,1.0
-0.1963017302095902,0.09242069485265415,0.0
0.7837886919183475,1.2106305706665808,0.0
0.7660166328579424,-0.5744524426563299,1.0
0.2166102486350554,0.2107604104069806,0.0
0.10829254564095761,1.1518310320605294,1.0
1.0133981434449744,0.10318784354081989,1.0
0.030083781028715284,1.072992200493245,1.0
0.15178571795735304,1.0562382847938752,1.0
0.8775125250719125,0.07230070504122033,1.0
0.18308042354041484,0.0657502219319369,0.0
1.2346249275173282,0.07392843843961878,1.0
0.053478462814380595,1.0643395612392028,1.0
0.37723718024210606,0.03491556256636779,0.0
0.4287888178650652,0.12678380446360224,0.0
0.059224055412915214,0.05221105443597787,0.0
0.6633123615558099,-0.16117401329923775,1.0
0.29530806994517916,1.2760182708294903,1.0
1.412504983848629,-0.21350658285085458,1.0
1.1173387602950549,-0.0949807313245049,1.0
0.7202864852361717,1.1125938473381143,0.0
1.1681240053009105,0.10934671364027587,1.0
1.0422034934405238,0.9806573776259215,0.0
0.019930273017528245,-0.10069513082323985,0.0
0.9933746054252406,1.3589115727035574,0.0
0.9107633133570441,0.6220918538108937,0.0
1.0388768603154672,-0.07063325856213767,1.0
0.17991997508665014,0.06145990417532187,0.0
1.369791218989069,1.2253130059095514,0.0
0.2061999044991902,0.18625602382323972,0.0
-0.046830674944667194,-0.04682739138983611,0.0
1.115414425436108,0.9593909227914015,0.0
0.8473481686914967,0.6390235798670962,0.0
1.03197127839948,-0.20553502818519165,1.0
0.11310192912630884,0.6478474481688364,1.0
0.8808677411913015,0.2748876186341635,1.0
0.4123007153272796,1.2416732461186286,1.0
-0.09420766112366456,0.04640998747152726,0.0
-0.07582554819749743,0.9592839279795277,1.0
1.3746595552435092,0.2160096131429297,1.0
1.1215793019433078,1.0373218246312716,0.0
-0.002449354569382925,-0.17945087429716633,0.0
1.0027858583825893,0.9951749825779993,0.0
0.18381529659755372,0.9419450911622698,1.0
1.1111208932006897,0.017916136251049763,1.0
0.9383931431628517,0.15593210645386799,1.0
0.01164174368919998,-0.22859405956612464,0.0
1.0543157674390746,0.7446502848359381,0.0
0.1444762715655543,0.9254333695816466,1.0
0.2358594368127653,0.01350369628202179,0.0
1.0566575743092284,-0.05178099474081547,1.0
1.129096836228215,1.432650944661092,0.0
-0.055010339430328806,-0.460384232947117,0.0
-0.19714520926710877,0.10080930310356889,0.0
0.9067926996263516,-0.3189406134533591,1.0
0.0020705239686761214,0.737632753529968,1.0
1.0416765615895105,0.5916530263151418,0.0
1.0826869806447401,1.3753591625116133,0.0
1.1600819050455364,0.15085826596271487,1.0
0.2216365633475033,0.7920188145748939,1.0
0.3001519581268622,1.1700443484226986,1.0
0.8452421601792854,0.7510690593377166,0.0
0.011926073984034826,0.8706126444588852,1.0
0.9070765405403214,0.04023193117456786,1.0
0.9147284807588913,0.22968914183935096,1.0
1.036373251011699,1.0496441172600672,0.0
-0.03499195133908173,0.848850968101431,1.0
0.07993759035052833,0.8697286212416342,1.0
0.8380792960156708,0.08481220889281794,1.0
-0.2089618388042067,0.6067286821247997,1.0
-0.24877264707825703,0.8614189604408186,1.0
1.0857633000661147,0.1386211214526288,1.0
1.04058460417026,0.6968511770005537,0.0
1.15998838038841,-0.3232621216873176,1.0
0.6874908286226915,-0.10581053546925896,1.0
-0.03452545998816393,1.1767319874973345,1.0
-0.009384115775836815,1.0954081654446244,1.0
0.07155747206965667,0.11215690527364688,0.0
1.0507479322989146,0.09353863435308664,1.0
-0.1061002295221055,-0.11516364812893601,0.0
0.24765661428672714,1.0042543153472123,1.0
1.2065092408683316,0.22534102736551667,1.0
-0.1436888442504872,-0.04268943034236945,0.0
0.8424432496183523,-0.12416951965022321,1.0
0.1506683242209065,1.0762316769765556,1.0
1.0676967686923382,-0.05908028202780589,1.0
0.30047141041920566,0.014818956083955039,0.0
0.569636919734139,-0.14383066384848403,1.0
-0.07306431026242174,1.0369360611729816,1.0
1.1876567611951996,0.8967910543565252,0.0
0.9901072580695134,1.1349638984333208,0.0
0.13558517426785383,0.9024177183708595,1.0
-0.04883132705812974,1.1928174336576713,1.0
0.0068166936518452145,0.8460053537882717,1.0
0.2358880241442574,-0.09383513042094097,0.0
0.1715319246404039,-0.031987705992685425,0.0
1.1187113444561723,-0.5880777269328561,1.0
0.02270346905024961,0.13242613490420935,0.0
0.8089754841301294,0.08471981311869221,1.0
0.639372064748811,-0.316827188601098,1.0
0.12675537618641972,1.0827598194902996,1.0
1.0057489645869635,1.2556903725214599,0.0
1.284100849597971,0.8858507412501048,0.0
-0.5107842269803909,1.1868639822478548,1.0
0.23263275043099194,0.00204661220391741,0.0
-0.21302273261507454,0.9389550591290665,1.0
0.33554016281528815,0.8892823516584011,1.0
-0.12779234953790045,0.7353820413185004,1.0
0.0338721648072156,0.7172571006190039,1.0
-0.13361809072860975,1.1984084699073045,1.0
0.02973349144042231,0.9325828057763921,1.0
0.16508326979760599,0.16270192720012772,0.0
0.575629020198281,-0.1215643974188865,1.0
0.9538130939582644,1.1392412729626837,0.0
0.9851133141799907,1.1241344195101357,0.0
0.9462938704188335,-0.1782384450830575,1.0
0.9330449335786918,-0.08072969264839935,1.0
0.055338159866003815,0.16543664980720477,0.0
0.755574438221611,1.1425996860344776,0.0
0.3102303951045046,0.023134926858571735,0.0
0.9081278200919511,0.8300311261070417,0.0
1.2620617492239217,0.2791367621579912,1.0
-0.08930299041340423,0.1712797588646945,0.0
1.1588529359243656,-0.2508578846338499,1.0
0.25553297915768497,-0.11831427776716599,0.0
1.1026211596352165,-0.05190933551678344,1.0
-0.02558351829615331,-0.19110808812008517,0.0
1.5053864851747245,0.8938262454159358,0.0
0.035978830230695695,1.2784004572689198,1.0
0.22110518659159678,1.237406061112076,1.0
0.06148133956182015,1.1631474425078594,1.0
0.8145293731618852,0.047673796546957026,1.0
1.2377826742949285,0.14166076944021275,1.0
0.46386590799633887,1.0786635678788743,1.0
0.7439141295007434,1.350958836396873,0.0
0.795162635134159,0.3708185132668377,1.0
1.102781569931783,0.03591635638791959,1.0
0.493942495450734,-0.057200844376022165,1.0
0.11166538250434449,1.0152010782824823,1.0
0.013505640937584768,-0.28494963724269134,0.0
0.8889600946613603,1.376231413888118,0.0
0.9799691847040094,-0.040734750035393175,1.0
0.7439391202658211,1.174491465656029,0.0
-0.006942353941048663,-0.23373560752390643,0.0
0.024059126342379774,0.10288776681174981,0.0
1.0198664610858452,1.150277424674358,0.0
0.1992095371611633,0.8486409822861078,1.0
0.06625268628071279,0.19510902542447184,0.0
-0.023129656477648107,-0.06022073911785776,0.0
1.1742594594914488,-0.2691959360493497,1.0
1.206368907893727,0.7028879253926056,0.0
0.7531302256240155,-0.11849285183057885,1.0
1.102240519904996,0.27473170903259153,1.0
1.4597796247238501,0.9274322879120682,0.0
-0.003803241580537766,-0.20050587292756178,0.0
-0.23019871548446058,0.0751396036691344,0.0
1.0150867277803186,-0.3203931623794337,1.0
0.06483327049768843,-0.026028610873536917,0.0
-0.12190244043185663,0.9626057394029108,1.0
0.06052709304780665,0.8491448299961284,1.0
0.06427144309005461,1.0843841508470569,1.0
0.9384443530093999,1.043830065532788,0.0
0.864721539588146,1.3601880865821632,0.0
-0.1816048151042422,-0.2824607402670583,0.0
-0.2473901421756164,-0.26409132261685525,0.0
1.1640964362394728,1.1014548062214595,0.0
0.20605669080636846,1.0477578318053027,1.0
-0.2957043980734855,-0.14396884167894172,0.0
0.1380287983422225,-0.08024409437716726,0.0
0.9314624811839303,0.9257118268008417,0.0
-0.095834847569058,-0.03713179533276342,0.0
0.06176660251979276,1.3404429889270477,1.0
1.0579549713792826,1.4150801597290878,0.0
1.3186373253278794,0.8977568647137629,0.0
1.0587115864333259,-0.27131636092468103,1.0
-0.03225714233320183,0.08081017136290769,0.0
0.9131007545135369,0.9381655753062721,0.0
-0.07248818828062643,0.7760660210747712,1.0
0.9957265411303128,-0.14944233582956468,1.0
0.7241361543970946,0.8538139920116161,0.0
-0.07763536370824575,1.0340832444750976,1.0
-0.022465609938165966,-0.0441939199066446,0.0
1.0337309343933456,0.08838812991388181,1.0
0.9328430601419744,1.3338043050578787,0.0
1.176621955429432,-0.015567439402560408,1.0
-0.012827669318598509,1.065752482060696,1.0
0.3929450265832779,0.007052710394345723,0.0
-0.11610468996094454,1.117715680884122,1.0
-0.14100237115168177,0.9888461844684588,1.0
-0.13538440006119176,0.12233525776817358,0.0
0.32274225381172944,1.090706860302796,1.0
0.9381581845900273,-0.15043128111811666,1.0
0.10775119848927384,0.8158652813841267,1.0
0.21168489736991758,-0.35174789728462286,0.0
1.0534253302022967,0.10174500464598678,1.0
1.0737346617745802,0.9213322375345279,0.0
1.166067163308849,0.8287832348182266,0.0
1.2248225439972027,0.1895052924245716,1.0
0.3471927606330499,1.0395821566925296,1.0
0.761272633648704,0.18383083472200032,1.0
0.46293171333470173,-0.37345303851834966,0.0
0.044818496362083356,0.0025184801563589722,0.0
-0.10887654490503654,0.02218451794197322,0.0
0.6948949658150523,0.8616183860237511,0.0
1.2413017933016715,0.8366128658025528,0.0
0.948081729727279,0.6993714093763788,0.0
0.8746565550820069,0.17247869447655176,1.0
0.9605323159385348,-0.03025465673070234,1.0
-0.005005391749028784,1.1635532598400573,1.0
0.8283284439637573,1.1400619758817983,0.0
-0.11037162917848936,1.5116398571336505,1.0
-0.16364413664669453,0.41847745513709206,0.0
0.8776964394016104,0.7186677806303555,0.0
0.2780415098034627,1.1115620612703725,1.0
0.7788590663028129,-0.04298420605774707,1.0
-0.31013268621322654,0.013712594961205466,0.0
-0.11006103076908402,0.8656753264123896,1.0
1.0702896415083165,0.21403004766328548,1.0
-0.24005928141115526,-0.06690024716818968,0.0
0.19267522584886437,0.08255618538729967,0.0
-0.034614364856773924,1.0031158095162935,1.0
-0.10595204075340776,0.10265348662267122,0.0
0.7042827508440317,1.2287508086413859,0.0
-0.08865645023830207,0.8230394571946198,1.0
1.1243143779712101,-0.0739220672087268,1.0
0.4306364915023113,-0.1534695125776099,0.0
0.9577739522344612,-0.1974359054302368,1.0
0.9944970189898727,0.3544503193339488,1.0
0.27685456370210365,1.1127818240104719,1.0
0.5836141184232555,1.3392912736580076,0.0
0.10438831312337954,0.059396934646637214,0.0
0.9924730595150303,1.2206603764033044,0.0
0.8056686530917427,-0.2759236329577861,1.0
1.3159144291461424,0.8954279945693463,0.0
